id;firstname;lastname;email;password;login;first_name;last_name;image_url;activated
ad5db1fd-e980-4c12-97fb-3698a8fc3326;indeed pro;mid troubled;Roxane27@yahoo.com;snappy;"?ZD$@J\V7t3Zx3\<E\,g";Pattie;Harvey;sparkling sleepy;false
efaae030-bb2b-44fe-ac8b-4ae8a35d2f3e;underpants upside-down and;below;Crawford57@yahoo.com;regularly pal;"1|}KDk@mF4Gi\AXj6Z2c";Josefa;Toy;at whether;true
458e0ce8-3565-40e9-a609-1df10a61835d;furthermore always;rubbish how overachieve;Nakia_Weissnat98@hotmail.com;since since tar;"I838.@RT\YXPl\zyGtmLW\{an9EM";Desiree;Dibbert;following from whoa;false
b5177f98-80ff-4fed-9b49-d3bfd38b8dfa;geez across;skulk or;Kane.McClure@gmail.com;next sad since;"2KI0";Merl;Lindgren;worry;false
e54737b9-1e7f-4eec-bf48-f931061a7c2e;psst hot jubilantly;now;Ernesto_Abshire@gmail.com;recover inasmuch abhor;"inyGXl@5PuHE\]S3M\ZZcQKD5\^1\E5R2c0";Carlee;Jaskolski;truck retrieve;true
3745ada3-ac6d-4087-a74b-0702168852ec;kindhearted;enormously incidentally stun;Willow.Powlowski80@yahoo.com;homely limping;"k@@9Rk";Lucile;Lueilwitz-Ondricka;repeatedly afore consequently;false
f3f916ce-121f-4621-810d-e5fceb5d3b40;phooey impish;during distract as;Athena.Lehner95@yahoo.com;huzzah;"Od5r@yTD\ODWMyDd\XM";Laurel;Frami;improbable;true
72278649-8fde-473f-8ea4-12e0ab189548;deserve;crochet;Misael.Carter@yahoo.com;keenly broadly likewise;"hmZ";Vidal;Veum;unto monthly meh;true
cdf65227-b26e-458b-adfb-436a6a7a4e73;filly between;prevalence;Loma85@yahoo.com;woot only;"9e0+d@SiM90k\MxdGJb\ObEniT\_IdfSCM\P5wBBC\VD0RDc";Porter;Bartell;shiny;false
393d1846-fe0c-407d-ba1a-b63bccb33872;aw recklessly plain;jumpsuit up;Hosea.Blick-Dietrich@hotmail.com;ouch;"VkIlT";Christian;Kohler;quarrelsomely;false
